"DESCRIPTION","DURATION IN MS","NAME","PARENT SUITE","START TIME","STATUS","STOP TIME","SUB SUITE","SUITE","TEST CLASS","TEST METHOD"
"","2027","checking the checkbox reveals the secret panel","firefox","2026-09-28","passed","2026-09-28","Dynamic Visibility","dynamic-visibility.spec.ts","",""
"","1342","checking the checkbox reveals the secret panel","chromium","2026-09-28","passed","2026-09-28","Dynamic Visibility","dynamic-visibility.spec.ts","",""
"","1338","Confirm button is visible and clickable inside modal","chromium","2026-09-28","passed","2026-09-28","Alerts & Modals","modals.spec.ts","",""
"","2143","should accept date input","firefox","2026-09-28","passed","2026-09-28","Input Fields","inputs.spec.ts","",""
"","3012","disabled button is not interactive","webkit","2026-09-28","passed","2026-09-28","Buttons","buttons.spec.ts","",""
"","1271","radio buttons are mutually exclusive","chromium","2026-09-28","passed","2026-09-28","Checkboxes & Radio Buttons","checkboxes.spec.ts","",""
"","1950","checkbox 2 is unchecked by default","firefox","2026-09-28","passed","2026-09-28","Checkboxes & Radio Buttons","checkboxes.spec.ts","",""
"","2390","slider minimum boundary value","firefox","2026-09-28","passed","2026-09-28","Slider","slider.spec.ts","",""
"","1927","modal is hidden before opening","firefox","2026-09-28","passed","2026-09-28","Alerts & Modals","modals.spec.ts","",""
"","1255","should uncheck a pre-checked checkbox","chromium","2026-09-28","passed","2026-09-28","Checkboxes & Radio Buttons","checkboxes.spec.ts","",""
"","1265","should accept search input","chromium","2026-09-28","passed","2026-09-28","Input Fields","inputs.spec.ts","",""
"","3316","first row contains correct ID and name","webkit","2026-09-28","passed","2026-09-28","Tables","tables.spec.ts","",""
"","2261","secret panel is hidden before checkbox is checked","firefox","2026-09-28","passed","2026-09-28","Dynamic Visibility","dynamic-visibility.spec.ts","",""
"","1878","country select defaults to empty","firefox","2026-09-28","passed","2026-09-28","Dropdowns","dropdowns.spec.ts","",""
"","1348","primary button click does not throw","chromium","2026-09-28","passed","2026-09-28","Buttons","buttons.spec.ts","",""
"","1181","should reflect the selected country value","chromium","2026-09-28","passed","2026-09-28","Dropdowns","dropdowns.spec.ts","",""
"","1035","danger button is visible and enabled","chromium","2026-09-28","passed","2026-09-28","Buttons","buttons.spec.ts","",""
"","1447","should close modal on Cancel click","chromium","2026-09-28","passed","2026-09-28","Alerts & Modals","modals.spec.ts","",""
"","4576","all input fields are visible","webkit","2026-09-28","passed","2026-09-28","Input Fields","inputs.spec.ts","",""
"","2383","second row status is Inactive","webkit","2026-09-28","passed","2026-09-28","Tables","tables.spec.ts","",""
"","4173","table has exactly 3 data rows","webkit","2026-09-28","passed","2026-09-28","Tables","tables.spec.ts","",""
"","3831","should reflect the selected country value","webkit","2026-09-28","passed","2026-09-28","Dropdowns","dropdowns.spec.ts","",""
"","1102","should select all available multi-select options","chromium","2026-09-28","passed","2026-09-28","Dropdowns","dropdowns.spec.ts","",""
"","1208","all input fields are visible","chromium","2026-09-28","passed","2026-09-28","Input Fields","inputs.spec.ts","",""
"","1693","disabled button is not interactive","firefox","2026-09-28","passed","2026-09-28","Buttons","buttons.spec.ts","",""
"","3341","primary button is visible and enabled","webkit","2026-09-28","passed","2026-09-28","Buttons","buttons.spec.ts","",""
"","2479","radio buttons are mutually exclusive","firefox","2026-09-28","passed","2026-09-28","Checkboxes & Radio Buttons","checkboxes.spec.ts","",""
"","948","first row status is Active","chromium","2026-09-28","passed","2026-09-28","Tables","tables.spec.ts","",""
"","3952","alert banners are visible on page","webkit","2026-09-28","passed","2026-09-28","Alerts & Modals","modals.spec.ts","",""
"","1312","unchecking hides the panel again","chromium","2026-09-28","passed","2026-09-28","Dynamic Visibility","dynamic-visibility.spec.ts","",""
"","969","source items are visible in drag zone","chromium","2026-09-28","passed","2026-09-28","Drag and Drop","drag-and-drop.spec.ts","",""
"","1186","table has exactly 3 data rows","chromium","2026-09-28","passed","2026-09-28","Tables","tables.spec.ts","",""
"","11329","delete button transitions: idle → loading → error","webkit","2026-09-28","passed","2026-09-28","Async Button States","async-buttons.spec.ts","",""
"","3871","should select a country from single select","webkit","2026-09-28","passed","2026-09-28","Dropdowns","dropdowns.spec.ts","",""
"","1049","disabled checkbox is not interactive","chromium","2026-09-28","passed","2026-09-28","Checkboxes & Radio Buttons","checkboxes.spec.ts","",""
"","2908","danger button is visible and enabled","webkit","2026-09-28","passed","2026-09-28","Buttons","buttons.spec.ts","",""
"","3164","should accept number input within range","webkit","2026-09-28","passed","2026-09-28","Input Fields","inputs.spec.ts","",""
"","5165","submit button transitions: idle → loading → success","firefox","2026-09-28","passed","2026-09-28","Async Button States","async-buttons.spec.ts","",""
"","4130","checking the checkbox reveals the secret panel","webkit","2026-09-28","passed","2026-09-28","Dynamic Visibility","dynamic-visibility.spec.ts","",""
"","3930","submit button is disabled during loading state","chromium","2026-09-28","passed","2026-09-28","Async Button States","async-buttons.spec.ts","",""
"","3820","each row has an Edit button","webkit","2026-09-28","passed","2026-09-28","Tables","tables.spec.ts","",""
"","1195","secret panel is hidden before checkbox is checked","chromium","2026-09-28","passed","2026-09-28","Dynamic Visibility","dynamic-visibility.spec.ts","",""
"","3780","register button is visible","webkit","2026-09-28","passed","2026-09-28","Registration Form","forms.spec.ts","",""
"","6142","reset restores both buttons to initial state","firefox","2026-09-28","passed","2026-09-28","Async Button States","async-buttons.spec.ts","",""
"","2062","should close modal on Cancel click","firefox","2026-09-28","passed","2026-09-28","Alerts & Modals","modals.spec.ts","",""
"","1758","table has exactly 3 data rows","firefox","2026-09-28","passed","2026-09-28","Tables","tables.spec.ts","",""
"","11696","submit button is disabled during loading state","webkit","2026-09-28","passed","2026-09-28","Async Button States","async-buttons.spec.ts","",""
"","1747","each row has an Edit button","firefox","2026-09-28","passed","2026-09-28","Tables","tables.spec.ts","",""
"","1409","second row status is Inactive","firefox","2026-09-28","passed","2026-09-28","Tables","tables.spec.ts","",""
"","1795","should show error when age is below minimum","chromium","2026-09-28","passed","2026-09-28","Registration Form","forms.spec.ts","",""
"","1914","should check an unchecked checkbox","firefox","2026-09-28","passed","2026-09-28","Checkboxes & Radio Buttons","checkboxes.spec.ts","",""
"","2065","primary button click does not throw","firefox","2026-09-28","passed","2026-09-28","Buttons","buttons.spec.ts","",""
"","3583","slider value display updates when value changes","webkit","2026-09-28","passed","2026-09-28","Slider","slider.spec.ts","",""
"","2284","unchecking hides the panel again","firefox","2026-09-28","passed","2026-09-28","Dynamic Visibility","dynamic-visibility.spec.ts","",""
"","11896","submit button transitions: idle → loading → success","webkit","2026-09-28","passed","2026-09-28","Async Button States","async-buttons.spec.ts","",""
"","2532","should open modal on button click","firefox","2026-09-28","passed","2026-09-28","Alerts & Modals","modals.spec.ts","",""
"","3962","submit button transitions: idle → loading → success","chromium","2026-09-28","passed","2026-09-28","Async Button States","async-buttons.spec.ts","",""
"","4040","radio buttons are mutually exclusive","webkit","2026-09-28","passed","2026-09-28","Checkboxes & Radio Buttons","checkboxes.spec.ts","",""
"","1120","should select multiple options","chromium","2026-09-28","passed","2026-09-28","Dropdowns","dropdowns.spec.ts","",""
"","1865","dragging Item Alpha updates the drop log","firefox","2026-09-28","passed","2026-09-28","Drag and Drop","drag-and-drop.spec.ts","",""
"","3034","target drop zone is visible","webkit","2026-09-28","passed","2026-09-28","Drag and Drop","drag-and-drop.spec.ts","",""
"","746","primary button is visible and enabled","firefox","2026-09-28","passed","2026-09-28","Buttons","buttons.spec.ts","",""
"","1803","should select multiple options","firefox","2026-09-28","passed","2026-09-28","Dropdowns","dropdowns.spec.ts","",""
"","4808","should open modal on button click","webkit","2026-09-28","passed","2026-09-28","Alerts & Modals","modals.spec.ts","",""
"","3829","should uncheck a pre-checked checkbox","webkit","2026-09-28","passed","2026-09-28","Checkboxes & Radio Buttons","checkboxes.spec.ts","",""
"","4004","should check an unchecked checkbox","webkit","2026-09-28","passed","2026-09-28","Checkboxes & Radio Buttons","checkboxes.spec.ts","",""
"","1126","slider has initial value of 50","chromium","2026-09-28","passed","2026-09-28","Slider","slider.spec.ts","",""
"","1814","radio No is checked by default","firefox","2026-09-28","passed","2026-09-28","Checkboxes & Radio Buttons","checkboxes.spec.ts","",""
"","3371","source items are visible in drag zone","webkit","2026-09-28","passed","2026-09-28","Drag and Drop","drag-and-drop.spec.ts","",""
"","1372","danger button is visible and enabled","firefox","2026-09-28","passed","2026-09-28","Buttons","buttons.spec.ts","",""
"","2238","should accept URL input","firefox","2026-09-28","passed","2026-09-28","Input Fields","inputs.spec.ts","",""
"","3935","delete button transitions: idle → loading → error","chromium","2026-09-28","passed","2026-09-28","Async Button States","async-buttons.spec.ts","",""
"","2182","Confirm button is visible and clickable inside modal","firefox","2026-09-28","passed","2026-09-28","Alerts & Modals","modals.spec.ts","",""
"","1329","iframe inner elements are visible","chromium","2026-09-28","passed","2026-09-28","IFrame Elements","iframes.spec.ts","",""
"","3583","iframe inner text is accessible via frame context","webkit","2026-09-28","passed","2026-09-28","IFrame Elements","iframes.spec.ts","",""
"","1143","alert banners are visible on page","chromium","2026-09-28","passed","2026-09-28","Alerts & Modals","modals.spec.ts","",""
"","5907","delete button transitions: idle → loading → error","firefox","2026-09-28","passed","2026-09-28","Async Button States","async-buttons.spec.ts","",""
"","3626","slider minimum boundary value","webkit","2026-09-28","passed","2026-09-28","Slider","slider.spec.ts","",""
"","2911","should show error for invalid email format","firefox","2026-09-28","passed","2026-09-28","Registration Form","forms.spec.ts","",""
"","2484","should submit form with valid data and show success","firefox","2026-09-28","passed","2026-09-28","Registration Form","forms.spec.ts","",""
"","1893","dragging Item Beta updates the drop log","firefox","2026-09-28","passed","2026-09-28","Drag and Drop","drag-and-drop.spec.ts","",""
"","1603","should accept text input","chromium","2026-09-28","passed","2026-09-28","Input Fields","inputs.spec.ts","",""
"","3565","disabled checkbox is not interactive","webkit","2026-09-28","passed","2026-09-28","Checkboxes & Radio Buttons","checkboxes.spec.ts","",""
"","1052","register button is visible","chromium","2026-09-28","passed","2026-09-28","Registration Form","forms.spec.ts","",""
"","3574","slider has initial value of 50","webkit","2026-09-28","passed","2026-09-28","Slider","slider.spec.ts","",""
"","1000","country select defaults to empty","chromium","2026-09-28","passed","2026-09-28","Dropdowns","dropdowns.spec.ts","",""
"","3483","input field inside iframe accepts text","webkit","2026-09-28","passed","2026-09-28","IFrame Elements","iframes.spec.ts","",""
"","3674","primary button click does not throw","webkit","2026-09-28","passed","2026-09-28","Buttons","buttons.spec.ts","",""
"","1008","disabled button is not interactive","chromium","2026-09-28","passed","2026-09-28","Buttons","buttons.spec.ts","",""
"","1842","should close modal via X button","firefox","2026-09-28","passed","2026-09-28","Alerts & Modals","modals.spec.ts","",""
"","3684","should accept text input","webkit","2026-09-28","passed","2026-09-28","Input Fields","inputs.spec.ts","",""
"","1924","target drop zone is visible","firefox","2026-09-28","passed","2026-09-28","Drag and Drop","drag-and-drop.spec.ts","",""
"","3436","secret panel is hidden before checkbox is checked","webkit","2026-09-28","passed","2026-09-28","Dynamic Visibility","dynamic-visibility.spec.ts","",""
"","2583","first row status is Active","webkit","2026-09-28","passed","2026-09-28","Tables","tables.spec.ts","",""
"","4752","unchecking hides the panel again","webkit","2026-09-28","passed","2026-09-28","Dynamic Visibility","dynamic-visibility.spec.ts","",""
"","2002","should accept text input","firefox","2026-09-28","passed","2026-09-28","Input Fields","inputs.spec.ts","",""
"","4438","should accept URL input","webkit","2026-09-28","passed","2026-09-28","Input Fields","inputs.spec.ts","",""
"","2535","alert banners are visible on page","firefox","2026-09-28","passed","2026-09-28","Alerts & Modals","modals.spec.ts","",""
"","1011","secondary button is visible and enabled","chromium","2026-09-28","passed","2026-09-28","Buttons","buttons.spec.ts","",""
"","1667","should accept search input","firefox","2026-09-28","passed","2026-09-28","Input Fields","inputs.spec.ts","",""
"","3848","should accept search input","webkit","2026-09-28","passed","2026-09-28","Input Fields","inputs.spec.ts","",""
"","1278","slider value display updates when value changes","chromium","2026-09-28","passed","2026-09-28","Slider","slider.spec.ts","",""
"","1420","success button is visible and enabled","firefox","2026-09-28","passed","2026-09-28","Buttons","buttons.spec.ts","",""
"","2129","button click inside iframe produces a result","firefox","2026-09-28","passed","2026-09-28","IFrame Elements","iframes.spec.ts","",""
"","5649","should show error for invalid email format","webkit","2026-09-28","passed","2026-09-28","Registration Form","forms.spec.ts","",""
"","3552","second row contains correct data","webkit","2026-09-28","passed","2026-09-28","Tables","tables.spec.ts","",""
"","1176","success button is visible and enabled","chromium","2026-09-28","passed","2026-09-28","Buttons","buttons.spec.ts","",""
"","3575","slider maximum boundary value","webkit","2026-09-28","passed","2026-09-28","Slider","slider.spec.ts","",""
"","4363","secret button click increments counter","webkit","2026-09-28","passed","2026-09-28","Dynamic Visibility","dynamic-visibility.spec.ts","",""
"","3838","iframe inner elements are visible","webkit","2026-09-28","passed","2026-09-28","IFrame Elements","iframes.spec.ts","",""
"","2743","secondary button is visible and enabled","webkit","2026-09-28","passed","2026-09-28","Buttons","buttons.spec.ts","",""
"","1959","iframe inner text is accessible via frame context","firefox","2026-09-28","passed","2026-09-28","IFrame Elements","iframes.spec.ts","",""
"","3750","dragging Item Beta updates the drop log","webkit","2026-09-28","passed","2026-09-28","Drag and Drop","drag-and-drop.spec.ts","",""
"","1046","primary button is visible and enabled","chromium","2026-09-28","passed","2026-09-28","Buttons","buttons.spec.ts","",""
"","5023","Confirm button is visible and clickable inside modal","webkit","2026-09-28","passed","2026-09-28","Alerts & Modals","modals.spec.ts","",""
"","1342","secret button click increments counter","chromium","2026-09-28","passed","2026-09-28","Dynamic Visibility","dynamic-visibility.spec.ts","",""
"","3333","checkbox 2 is unchecked by default","webkit","2026-09-28","passed","2026-09-28","Checkboxes & Radio Buttons","checkboxes.spec.ts","",""
"","1771","first row contains correct ID and name","firefox","2026-09-28","passed","2026-09-28","Tables","tables.spec.ts","",""
"","1311","button click inside iframe produces a result","chromium","2026-09-28","passed","2026-09-28","IFrame Elements","iframes.spec.ts","",""
"","1670","iframe inner elements are visible","firefox","2026-09-28","passed","2026-09-28","IFrame Elements","iframes.spec.ts","",""
"","1045","slider maximum boundary value","chromium","2026-09-28","passed","2026-09-28","Slider","slider.spec.ts","",""
"","11868","reset restores both buttons to initial state","webkit","2026-09-28","passed","2026-09-28","Async Button States","async-buttons.spec.ts","",""
"","1172","dragging Item Beta updates the drop log","chromium","2026-09-28","passed","2026-09-28","Drag and Drop","drag-and-drop.spec.ts","",""
"","1200","should accept date input","chromium","2026-09-28","passed","2026-09-28","Input Fields","inputs.spec.ts","",""
"","1030","checkbox 2 is unchecked by default","chromium","2026-09-28","passed","2026-09-28","Checkboxes & Radio Buttons","checkboxes.spec.ts","",""
"","3915","country select defaults to empty","webkit","2026-09-28","passed","2026-09-28","Dropdowns","dropdowns.spec.ts","",""
"","4596","should accept date input","webkit","2026-09-28","passed","2026-09-28","Input Fields","inputs.spec.ts","",""
"","2015","slider has initial value of 50","firefox","2026-09-28","passed","2026-09-28","Slider","slider.spec.ts","",""
"","1834","first row status is Active","firefox","2026-09-28","passed","2026-09-28","Tables","tables.spec.ts","",""
"","2182","secret button click increments counter","firefox","2026-09-28","passed","2026-09-28","Dynamic Visibility","dynamic-visibility.spec.ts","",""
"","1294","should close modal via X button","chromium","2026-09-28","passed","2026-09-28","Alerts & Modals","modals.spec.ts","",""
"","3206","success button is visible and enabled","webkit","2026-09-28","passed","2026-09-28","Buttons","buttons.spec.ts","",""
"","1030","each row has an Edit button","chromium","2026-09-28","passed","2026-09-28","Tables","tables.spec.ts","",""
"","7080","should submit form with valid data and show success","webkit","2026-09-28","passed","2026-09-28","Registration Form","forms.spec.ts","",""
"","2135","input field inside iframe accepts text","firefox","2026-09-28","passed","2026-09-28","IFrame Elements","iframes.spec.ts","",""
"","1036","radio No is checked by default","chromium","2026-09-28","passed","2026-09-28","Checkboxes & Radio Buttons","checkboxes.spec.ts","",""
"","3873","button click inside iframe produces a result","webkit","2026-09-28","passed","2026-09-28","IFrame Elements","iframes.spec.ts","",""
"","3698","radio No is checked by default","webkit","2026-09-28","passed","2026-09-28","Checkboxes & Radio Buttons","checkboxes.spec.ts","",""
"","2043","source items are visible in drag zone","firefox","2026-09-28","passed","2026-09-28","Drag and Drop","drag-and-drop.spec.ts","",""
"","3347","should select multiple options","webkit","2026-09-28","passed","2026-09-28","Dropdowns","dropdowns.spec.ts","",""
"","3968","should show error when age is below minimum","webkit","2026-09-28","passed","2026-09-28","Registration Form","forms.spec.ts","",""
"","4677","should close modal on Cancel click","webkit","2026-09-28","passed","2026-09-28","Alerts & Modals","modals.spec.ts","",""
"","932","slider minimum boundary value","chromium","2026-09-28","passed","2026-09-28","Slider","slider.spec.ts","",""
"","1754","disabled checkbox is not interactive","firefox","2026-09-28","passed","2026-09-28","Checkboxes & Radio Buttons","checkboxes.spec.ts","",""
"","1187","first row contains correct ID and name","chromium","2026-09-28","passed","2026-09-28","Tables","tables.spec.ts","",""
"","5451","submit button is disabled during loading state","firefox","2026-09-28","passed","2026-09-28","Async Button States","async-buttons.spec.ts","",""
"","2106","should accept number input within range","firefox","2026-09-28","passed","2026-09-28","Input Fields","inputs.spec.ts","",""
"","2970","dragging Item Alpha updates the drop log","webkit","2026-09-28","passed","2026-09-28","Drag and Drop","drag-and-drop.spec.ts","",""
"","2154","all input fields are visible","firefox","2026-09-28","passed","2026-09-28","Input Fields","inputs.spec.ts","",""
"","1122","should check an unchecked checkbox","chromium","2026-09-28","passed","2026-09-28","Checkboxes & Radio Buttons","checkboxes.spec.ts","",""
"","1882","should submit form with valid data and show success","chromium","2026-09-28","passed","2026-09-28","Registration Form","forms.spec.ts","",""
"","1181","modal is hidden before opening","chromium","2026-09-28","passed","2026-09-28","Alerts & Modals","modals.spec.ts","",""
"","2355","should show validation errors on empty submit","firefox","2026-09-28","passed","2026-09-28","Registration Form","forms.spec.ts","",""
"","989","second row status is Inactive","chromium","2026-09-28","passed","2026-09-28","Tables","tables.spec.ts","",""
"","1177","second row contains correct data","chromium","2026-09-28","passed","2026-09-28","Tables","tables.spec.ts","",""
"","1826","should select a country from single select","firefox","2026-09-28","passed","2026-09-28","Dropdowns","dropdowns.spec.ts","",""
"","1684","input field inside iframe accepts text","chromium","2026-09-28","passed","2026-09-28","IFrame Elements","iframes.spec.ts","",""
"","1126","dragging Item Alpha updates the drop log","chromium","2026-09-28","passed","2026-09-28","Drag and Drop","drag-and-drop.spec.ts","",""
"","2104","should reflect the selected country value","firefox","2026-09-28","passed","2026-09-28","Dropdowns","dropdowns.spec.ts","",""
"","1099","should select a country from single select","chromium","2026-09-28","passed","2026-09-28","Dropdowns","dropdowns.spec.ts","",""
"","4019","modal is hidden before opening","webkit","2026-09-28","passed","2026-09-28","Alerts & Modals","modals.spec.ts","",""
"","2020","register button is visible","firefox","2026-09-28","passed","2026-09-28","Registration Form","forms.spec.ts","",""
"","2949","should show error when age is below minimum","firefox","2026-09-28","passed","2026-09-28","Registration Form","forms.spec.ts","",""
"","5006","should close modal via X button","webkit","2026-09-28","passed","2026-09-28","Alerts & Modals","modals.spec.ts","",""
"","1999","second row contains correct data","firefox","2026-09-28","passed","2026-09-28","Tables","tables.spec.ts","",""
"","2282","should select all available multi-select options","firefox","2026-09-28","passed","2026-09-28","Dropdowns","dropdowns.spec.ts","",""
"","1093","should accept number input within range","chromium","2026-09-28","passed","2026-09-28","Input Fields","inputs.spec.ts","",""
"","1730","slider maximum boundary value","firefox","2026-09-28","passed","2026-09-28","Slider","slider.spec.ts","",""
"","997","iframe inner text is accessible via frame context","chromium","2026-09-28","passed","2026-09-28","IFrame Elements","iframes.spec.ts","",""
"","975","secondary button is visible and enabled","firefox","2026-09-28","passed","2026-09-28","Buttons","buttons.spec.ts","",""
"","3393","reset restores both buttons to initial state","chromium","2026-09-28","passed","2026-09-28","Async Button States","async-buttons.spec.ts","",""
"","1822","should show error for invalid email format","chromium","2026-09-28","passed","2026-09-28","Registration Form","forms.spec.ts","",""
"","2202","slider value display updates when value changes","firefox","2026-09-28","passed","2026-09-28","Slider","slider.spec.ts","",""
"","1290","should accept URL input","chromium","2026-09-28","passed","2026-09-28","Input Fields","inputs.spec.ts","",""
"","3991","should select all available multi-select options","webkit","2026-09-28","passed","2026-09-28","Dropdowns","dropdowns.spec.ts","",""
"","1283","should open modal on button click","chromium","2026-09-28","passed","2026-09-28","Alerts & Modals","modals.spec.ts","",""
"","3995","should show validation errors on empty submit","webkit","2026-09-28","passed","2026-09-28","Registration Form","forms.spec.ts","",""
"","1566","should show validation errors on empty submit","chromium","2026-09-28","passed","2026-09-28","Registration Form","forms.spec.ts","",""
"","1036","target drop zone is visible","chromium","2026-09-28","passed","2026-09-28","Drag and Drop","drag-and-drop.spec.ts","",""
"","2001","should uncheck a pre-checked checkbox","firefox","2026-09-28","passed","2026-09-28","Checkboxes & Radio Buttons","checkboxes.spec.ts","",""
